Quantity,Barcode,R
MQ==,MzY2MzI4OTE4MzQ2Nw==,MDQwNA==
MQ==,MzY2MzI4OTE4MzU3Mw==,MDQwNA==
MQ==,MzY2MzI4OTE4MzkxNw==,MDQwNA==
MQ==,MzY2MzI4OTE4MzkyNA==,MDQwNA==
Mg==,MzY2MzI4OTE4ODUxNg==,MDQwNA==
Mg==,MzY2MzI4OTE4ODUyMw==,MDQwNA==
Mg==,MzY2MzI4OTE4ODYyMg==,MDQwNA==
MQ==,MzY2MzI4OTE4OTQxNA==,MDQwNA==
Mg==,MzY2MzI4OTE4OTk2NA==,MDQwNA==
Mg==,MzY2MzI4OTE5MDAwNw==,MDQwNA==
Mg==,MzY2MzI4OTE5MDAyMQ==,MDQwNA==
MQ==,MzY2MzI4OTE5MDI2Nw==,MDQwNA==
MQ==,MzY2MzI4OTE5MTg0NA==,MDQwNA==
MQ==,MzY2MzI4OTE5Mjk2NA==,MDQwNA==
MQ==,MzY2MzI4OTE5Mjk4OA==,MDQwNA==
Mg==,MzY2MzI4OTE5Mjk5NQ==,MDQwNA==
MQ==,MzY2MzI4OTE5NDExMQ==,MDQwNA==
MQ==,MzY2MzI4OTE5NDI0MQ==,MDQwNA==
MQ==,MzY2MzI4OTE5ODI1Ng==,MDQwNA==
MQ==,MzY2MzI4OTE5ODI2Mw==,MDQwNA==
MQ==,MzY2MzI4OTE5ODM2Mg==,MDQwNA==
Mg==,MzY2MzI4OTE5ODUzOQ==,MDQwNA==
MQ==,MzY2MzI4OTE5ODg3NA==,MDQwNA==
MQ==,MzY2MzI4OTE5OTE3OA==,MDQwNA==
Mg==,MzY2MzI4OTE5OTM4Mw==,MDQwNA==
MQ==,MzY2MzI4OTE5OTQzNw==,MDQwNA==
MQ==,MzY2MzI4OTE5OTQ1MQ==,MDQwNA==
MQ==,MzY2MzI4OTE5OTQ2OA==,MDQwNA==
MQ==,MzY2MzI4OTE5OTQ3NQ==,MDQwNA==
MQ==,MzY2MzI4OTE5OTg2NA==,MDQwNA==
MQ==,MzY2MzI4OTE5OTkwMQ==,MDQwNA==
MQ==,MzY2MzI4OTIwMDAyNw==,MDQwNA==
MQ==,MzY2MzI4OTIwMDQwOQ==,MDQwNA==
MQ==,MzY2MzI4OTIwMDQzMA==,MDQwNA==
MQ==,MzY2MzI4OTIwMDQ0Nw==,MDQwNA==
MQ==,MzY2MzI4OTIxMjMzNA==,MDQwNA==
MQ==,MzY2MzI4OTIxMjM1OA==,MDQwNA==
Mg==,MzY2MzI4OTIxMjQ0MA==,MDQwNA==
MQ==,MzY2MzI4OTIxNDAxNw==,MDQwNA==
Mg==,MzY2MzI4OTIxNDI1Mw==,MDQwNA==
Mg==,MzY2MzI4OTIxNDI5MQ==,MDQwNA==
MQ==,MzY2MzI4OTE4MzQzNg==,MDQwNA==
MQ==,MzY2MzI4OTE4MzQ0Mw==,MDQwNA==
MQ==,MzY2MzI4OTE4MzQ5OA==,MDQwNA==
MQ==,MzY2MzI4OTE4MzU0Mg==,MDQwNA==
MQ==,MzY2MzI4OTE4MzU1OQ==,MDQwNA==
MQ==,MzY2MzI4OTE4MzU4MA==,MDQwNA==
MQ==,MzY2MzI4OTE4MzcxOQ==,MDQwNA==
MQ==,MzY2MzI4OTE4MzcyNg==,MDQwNA==
MQ==,MzY2MzI4OTE4Mzc1Nw==,MDQwNA==
Mg==,MzY2MzI4OTE4ODQ5Mw==,MDQwNA==
Mg==,MzY2MzI4OTE4ODUzMA==,MDQwNA==
MQ==,MzY2MzI4OTE4ODU0Nw==,MDQwNA==
MQ==,MzY2MzI4OTE4ODU4NQ==,MDQwNA==
MQ==,MzY2MzI4OTE4OTM2MA==,MDQwNA==
MQ==,MzY2MzI4OTE4OTQyMQ==,MDQwNA==
MQ==,MzY2MzI4OTE5MDAxNA==,MDQwNA==
MQ==,MzY2MzI4OTE5MDI4MQ==,MDQwNA==
MQ==,MzY2MzI4OTE5MDMyOA==,MDQwNA==
MQ==,MzY2MzI4OTE5MTgwNg==,MDQwNA==
MQ==,MzY2MzI4OTE5NDE1OQ==,MDQwNA==
MQ==,MzY2MzI4OTE5NDE4MA==,MDQwNA==
MQ==,MzY2MzI4OTE5ODMxNw==,MDQwNA==
MQ==,MzY2MzI4OTE5ODM1NQ==,MDQwNA==
MQ==,MzY2MzI4OTE5ODM3OQ==,MDQwNA==
MQ==,MzY2MzI4OTE5ODM4Ng==,MDQwNA==
Mg==,MzY2MzI4OTE5ODU2MA==,MDQwNA==
MQ==,MzY2MzI4OTE5OTE0Nw==,MDQwNA==
MQ==,MzY2MzI4OTE5OTE1NA==,MDQwNA==
Mg==,MzY2MzI4OTE5OTQyMA==,MDQwNA==
MQ==,MzY2MzI4OTE5OTQ4Mg==,MDQwNA==
MQ==,MzY2MzI4OTE5OTg1Nw==,MDQwNA==
MQ==,MzY2MzI4OTE5OTg3MQ==,MDQwNA==
MQ==,MzY2MzI4OTE5OTg4OA==,MDQwNA==
MQ==,MzY2MzI4OTIwMDAzNA==,MDQwNA==
Mg==,MzY2MzI4OTIwMDA3Mg==,MDQwNA==
MQ==,MzY2MzI4OTIwMDQxNg==,MDQwNA==
MQ==,MzY2MzI4OTIwMDU3Nw==,MDQwNA==
Mg==,MzY2MzI4OTIxMjQxOQ==,MDQwNA==
MQ==,MzY2MzI4OTIxNDAwMA==,MDQwNA==
MQ==,MzY2MzI4OTIxNDAyNA==,MDQwNA==
Mg==,MzY2MzI4OTIxNDI2MA==,MDQwNA==
MQ==,MzY2MzI4OTE4MzQ3NA==,MDQwNA==
MQ==,MzY2MzI4OTE4MzU5Nw==,MDQwNA==
MQ==,MzY2MzI4OTE4MzY4OQ==,MDQwNA==
MQ==,MzY2MzI4OTE4MzY5Ng==,MDQwNA==
MQ==,MzY2MzI4OTE4MzczMw==,MDQwNA==
Mg==,MzY2MzI4OTE4Mzc5NQ==,MDQwNA==
Mg==,MzY2MzI4OTE4MzgwMQ==,MDQwNA==
Mg==,MzY2MzI4OTE4MzgxOA==,MDQwNA==
Mg==,MzY2MzI4OTE4MzgyNQ==,MDQwNA==
Mg==,MzY2MzI4OTE4Mzg0OQ==,MDQwNA==
MQ==,MzY2MzI4OTE4MzkzMQ==,MDQwNA==
MQ==,MzY2MzI4OTE4Mzk0OA==,MDQwNA==
MQ==,MzY2MzI4OTE4Mzk1NQ==,MDQwNA==
MQ==,MzY2MzI4OTE4ODQ4Ng==,MDQwNA==
MQ==,MzY2MzI4OTE4ODU3OA==,MDQwNA==
MQ==,MzY2MzI4OTE4ODYwOA==,MDQwNA==
MQ==,MzY2MzI4OTE4OTM4NA==,MDQwNA==
MQ==,MzY2MzI4OTE4OTQwNw==,MDQwNA==
Mg==,MzY2MzI4OTE4OTk3MQ==,MDQwNA==
Mg==,MzY2MzI4OTE4OTk4OA==,MDQwNA==
Mg==,MzY2MzI4OTE4OTk5NQ==,MDQwNA==
MQ==,MzY2MzI4OTE5MDI3NA==,MDQwNA==
MQ==,MzY2MzI4OTE5MDMwNA==,MDQwNA==
MQ==,MzY2MzI4OTE5MDMxMQ==,MDQwNA==
MQ==,MzY2MzI4OTE5MTg1MQ==,MDQwNA==
MQ==,MzY2MzI4OTE5NDEyOA==,MDQwNA==
MQ==,MzY2MzI4OTE5NDEzNQ==,MDQwNA==
MQ==,MzY2MzI4OTE5NDE3Mw==,MDQwNA==
MQ==,MzY2MzI4OTE5NDE5Nw==,MDQwNA==
MQ==,MzY2MzI4OTE5NDIxMA==,MDQwNA==
MQ==,MzY2MzI4OTE5NDIyNw==,MDQwNA==
MQ==,MzY2MzI4OTE5NDIzNA==,MDQwNA==
MQ==,MzY2MzI4OTE5ODI3MA==,MDQwNA==
MQ==,MzY2MzI4OTE5ODI4Nw==,MDQwNA==
MQ==,MzY2MzI4OTE5ODI5NA==,MDQwNA==
MQ==,MzY2MzI4OTE5ODMzMQ==,MDQwNA==
Mg==,MzY2MzI4OTE5ODM0OA==,MDQwNA==
MQ==,MzY2MzI4OTE5ODM5Mw==,MDQwNA==
Mg==,MzY2MzI4OTE5ODU0Ng==,MDQwNA==
Mg==,MzY2MzI4OTE5ODU1Mw==,MDQwNA==
MQ==,MzY2MzI4OTE5ODg4MQ==,MDQwNA==
MQ==,MzY2MzI4OTE5ODg5OA==,MDQwNA==
MQ==,MzY2MzI4OTE5ODkxMQ==,MDQwNA==
MQ==,MzY2MzI4OTE5OTM3Ng==,MDQwNA==
Mg==,MzY2MzI4OTE5OTQxMw==,MDQwNA==
MQ==,MzY2MzI4OTE5OTQ5OQ==,MDQwNA==
MQ==,MzY2MzI4OTE5OTUwNQ==,MDQwNA==
MQ==,MzY2MzI4OTE5OTc5Ng==,MDQwNA==
MQ==,MzY2MzI4OTE5OTgwMg==,MDQwNA==
MQ==,MzY2MzI4OTE5OTgxOQ==,MDQwNA==
MQ==,MzY2MzI4OTE5OTg0MA==,MDQwNA==
MQ==,MzY2MzI4OTIwMDU5MQ==,MDQwNA==
MQ==,MzY2MzI4OTIxMjMyNw==,MDQwNA==
Mg==,MzY2MzI4OTIxMjQyNg==,MDQwNA==
Mg==,MzY2MzI4OTIxMjQzMw==,MDQwNA==
MQ==,MzY2MzI4OTE4MzQ1MA==,MDQwNA==
MQ==,MzY2MzI4OTE4MzQ4MQ==,MDQwNA==
MQ==,MzY2MzI4OTE4MzYwMw==,MDQwNA==
MQ==,MzY2MzI4OTE4MzcwMg==,MDQwNA==
MQ==,MzY2MzI4OTE4Mzc0MA==,MDQwNA==
Mg==,MzY2MzI4OTE4MzgzMg==,MDQwNA==
Mg==,MzY2MzI4OTE4Mzg1Ng==,MDQwNA==
Mg==,MzY2MzI4OTE4Mzg2Mw==,MDQwNA==
MQ==,MzY2MzI4OTE4Mzk2Mg==,MDQwNA==
MQ==,MzY2MzI4OTE4Mzk3OQ==,MDQwNA==
Mg==,MzY2MzI4OTE4ODUwOQ==,MDQwNA==
Mg==,MzY2MzI4OTE4ODU2MQ==,MDQwNA==
MQ==,MzY2MzI4OTE4ODU5Mg==,MDQwNA==
MQ==,MzY2MzI4OTE4ODYxNQ==,MDQwNA==
MQ==,MzY2MzI4OTE4OTM5MQ==,MDQwNA==
MQ==,MzY2MzI4OTE5MDI5OA==,MDQwNA==
MQ==,MzY2MzI4OTE5MTgxMw==,MDQwNA==
MQ==,MzY2MzI4OTE5MTgyMA==,MDQwNA==
MQ==,MzY2MzI4OTE5MTgzNw==,MDQwNA==
MQ==,MzY2MzI4OTE5MTg2OA==,MDQwNA==
MQ==,MzY2MzI4OTE5MzAwOA==,MDQwNA==
MQ==,MzY2MzI4OTE5MzAxNQ==,MDQwNA==
MQ==,MzY2MzI4OTE5MzAyMg==,MDQwNA==
MQ==,MzY2MzI4OTE5NDE2Ng==,MDQwNA==
MQ==,MzY2MzI4OTE5NDIwMw==,MDQwNA==
MQ==,MzY2MzI4OTE5ODMwMA==,MDQwNA==
Mg==,MzY2MzI4OTE5ODUyMg==,MDQwNA==
MQ==,MzY2MzI4OTE5ODkwNA==,MDQwNA==
MQ==,MzY2MzI4OTE5OTE2MQ==,MDQwNA==
MQ==,MzY2MzI4OTE5OTE4NQ==,MDQwNA==
Mg==,MzY2MzI4OTE5OTQwNg==,MDQwNA==
MQ==,MzY2MzI4OTE5OTc4OQ==,MDQwNA==
MQ==,MzY2MzI4OTE5OTg5NQ==,MDQwNA==
MQ==,MzY2MzI4OTIwMDA0MQ==,MDQwNA==
MQ==,MzY2MzI4OTIwMDA1OA==,MDQwNA==
MQ==,MzY2MzI4OTIwMDA2NQ==,MDQwNA==
MQ==,MzY2MzI4OTIwMDM5Mw==,MDQwNA==
MQ==,MzY2MzI4OTIwMDQyMw==,MDQwNA==
MQ==,MzY2MzI4OTIwMDQ1NA==,MDQwNA==
MQ==,MzY2MzI4OTIwMDU0Ng==,MDQwNA==
MQ==,MzY2MzI4OTIwMDU1Mw==,MDQwNA==
MQ==,MzY2MzI4OTIwMDU4NA==,MDQwNA==
MQ==,MzY2MzI4OTIwNTY5NQ==,MDQwNA==
MQ==,MzY2MzI4OTIxMjM2NQ==,MDQwNA==
Mg==,MzY2MzI4OTIxMjQ1Nw==,MDQwNA==
MQ==,MzY2MzI4OTIxNDAzMQ==,MDQwNA==
MQ==,MzY2MzI4OTIxNDA0OA==,MDQwNA==
MQ==,MzY2MzI4OTIxNDI3Nw==,MDQwNA==
Mg==,MzY2MzI4OTIxNDI4NA==,MDQwNA==
